FolderPath,Level
Core,1
Core\Services,2
Core\Orchestrators,2
Core\Engines,2
Core\Clients,2
Core\Managers,2
Core\Adapters,2
Configuration,1
Configuration\Services,2
Configuration\Services\Remediation,3
Configuration\Services\Validators,3
Configuration\Managers,2
Configuration\Factories,2
Configuration\Extractors,2
Configuration\Utilities,2
UI,1
UI\Managers,2
UI\Providers,2
UI\Formatters,2
UI\Components,2
UI\Utilities,2
Infrastructure,1
Infrastructure\Services,2
Infrastructure\Factories,2
Infrastructure\Wrappers,2
Infrastructure\Providers,2
Infrastructure\Utilities,2
Infrastructure\Interop,2
Domain,1
Domain\Services,2
Domain\Adapters,2
Interfaces,1
Interfaces\Core,2
Interfaces\Core\Services,3
Interfaces\Core\Orchestrators,3
Interfaces\Core\Engines,3
Interfaces\Core\Clients,3
Interfaces\Core\Managers,3
Interfaces\Core\Adapters,3
Interfaces\Configuration,2
Interfaces\Configuration\Services,3
Interfaces\Configuration\Services\Remediation,4
Interfaces\Configuration\Services\Validators,4
Interfaces\Configuration\Managers,3
Interfaces\Configuration\Factories,3
Interfaces\Configuration\Extractors,3
Interfaces\UI,2
Interfaces\UI\Components,3
Interfaces\UI\Providers,3
Interfaces\UI\Managers,3
Interfaces\UI\Formatters,3
Interfaces\Infrastructure,2
Interfaces\Infrastructure\Services,3
Interfaces\Infrastructure\Factories,3
Interfaces\Infrastructure\Wrappers,3
Interfaces\Infrastructure\Providers,3
Interfaces\Infrastructure\Interop,3
Interfaces\Domain,2
Models,1
Models\Configuration,2
Models\Api,2
Models\Domain,2
Models\UI,2
Models\Infrastructure,2
Models\Events,2
Tests,1
Tests\Core,2
Tests\Core\Services,3
Tests\Core\Orchestrators,3
Tests\Core\Engines,3
Tests\Core\Clients,3
Tests\Core\Managers,3
Tests\Core\Adapters,3
Tests\Configuration,2
Tests\Configuration\Services,3
Tests\Configuration\Services\Remediation,4
Tests\Configuration\Services\Validators,4
Tests\Configuration\Managers,3
Tests\Configuration\Factories,3
Tests\Configuration\Extractors,3
Tests\Configuration\Utilities,3
Tests\UI,2
Tests\UI\Managers,3
Tests\UI\Providers,3
Tests\UI\Formatters,3
Tests\UI\Components,3
Tests\UI\Utilities,3
Tests\Infrastructure,2
Tests\Infrastructure\Services,3
Tests\Infrastructure\Factories,3
Tests\Infrastructure\Wrappers,3
Tests\Infrastructure\Providers,3
Tests\Infrastructure\Utilities,3
Tests\Domain,2
Tests\Domain\Services,3
Tests\Models,2
Tests\Models\Configuration,3
Tests\Models\Domain,3
Tests\Models\Events,3
